NotificationID,CTR
9563.0,14.412053717654766
9673.0,10.8726549175668
9692.0,10.448738945299706
9661.0,10.02541466024612
9667.0,9.609168380840435
